COUNTY,itemID,TilesetID
15County,https://morpc.maps.arcgis.com/sharing/rest/content/items/495a48a08093402da80e008a31bfc032/data,14
Delaware,https://morpc.maps.arcgis.com/sharing/rest/content/items/813795f6eb2946189708ac135b670891/data,14
Fairfield,https://morpc.maps.arcgis.com/sharing/rest/content/items/38373b7b785d4e8397becfce462316db/data,14
Fayette,https://morpc.maps.arcgis.com/sharing/rest/content/items/5ce3f474251f4a458eeb925b0e780639/data,14
Franklin,https://morpc.maps.arcgis.com/sharing/rest/content/items/8d54d567614f41989c22ad2da1128e17/data,14
Hocking,https://morpc.maps.arcgis.com/sharing/rest/content/items/e64ed5bce4fb47e2a67dda402f1c7be0/data,14
Knox,https://morpc.maps.arcgis.com/sharing/rest/content/items/b8dbd96939e94d528c6ecefac8124e96/data,14
Licking,https://morpc.maps.arcgis.com/sharing/rest/content/items/03b526c8d7b04acf9eb3bf96d894cbe1/data,14
Logan,https://morpc.maps.arcgis.com/sharing/rest/content/items/afde17b396554ff38a639ffa3b655fe7/data,14
Madison,https://morpc.maps.arcgis.com/sharing/rest/content/items/f66108e325b846a3b92b58f710ff277d/data,14
Marion,https://morpc.maps.arcgis.com/sharing/rest/content/items/6e431b4feb3546ec8f8eb0dcc182acda/data,14
Morrow,https://morpc.maps.arcgis.com/sharing/rest/content/items/b81bcfbdb98244f0938b85d992f4ce6f/data,14
Perry,https://morpc.maps.arcgis.com/sharing/rest/content/items/cda8083a84f747788069c03955f0b716/data,14
Pickaway,https://morpc.maps.arcgis.com/sharing/rest/content/items/13c14eb0f0724ad3bed830d1debfcff0/data,14
Ross,https://morpc.maps.arcgis.com/sharing/rest/content/items/b90024f1a97e4e44bec6dfd277d16f65/data,14
Union,https://morpc.maps.arcgis.com/sharing/rest/content/items/c505d73cc4d04246817020e2c62560bf/data,14
